Fine aggregate (kg/m3),Coarse aggregate (kg/m3),molarity,NaOh(kg/m3),Na2SiO3,fly ash,Water,superplastisizer,curing temp,DAYS,CS
630,1170,14,49,122,428,43,36.38,75,3,30
630,1170,14,44,111,444,43,39.96,75,3,30
630,1170,14,57,114,428,43,36.38,75,3,40
630,1170,14,49,122,428,43,36.38,75,3,28
630,1170,14,49,122,428,43,36.38,75,3,32
630,1170,14,49,122,428,43,36.38,75,3,32
630,1170,14,49,122,428,43,55.64,75,3,30
630,1170,14,49,122,428,43,72.76,75,3,29
630,1170,14,49,122,428,43,36.38,75,3,36
630,1170,14,49,122,428,43,36.38,75,3,45
630,1170,14,57,114,428,43,18.404,75,3,30
630,1170,14,57,114,428,64,18.404,75,3,24
630,1170,14,57,114,428,86,18.404,75,3,20
630,1170,8,57,114,428,43,18.404,75,7,32
630,1170,10,57,114,428,43,18.404,75,7,35
630,1170,12,57,114,428,43,18.404,75,7,43
630,1170,14,57,114,428,43,18.404,75,7,46
630,1170,14,57,114,428,43,18.404,60,7,38
630,1170,14,57,114,428,43,18.404,75,7,46
630,1170,14,57,114,428,43,18.404,90,7,49
593,1079,12,72,179,418,0,0,60,28,50.8
593,1079,12,72,179,418,0,0,90,28,54.4
593,1079,12,72,179,418,0,0,120,28,57.24
612,1113,12,62,154,431,0,0,60,28,52.04
612,1113,12,62,154,431,0,0,90,28,53.6
612,1113,12,62,154,431,0,0,120,28,55.01
632,1149,12,51,127,445,0,0,60,28,46.34
632,1149,12,51,127,445,0,0,90,28,49.73
632,1149,12,51,127,445,0,0,120,28,52.43
588,1091,12,104,104,414,0,0,23,7,19.89
588,1091,12,104,104,414,0,0,23,28,39.67
588,1091,12,104,104,414,0,0,60,7,40.73
588,1091,12,104,104,414,0,0,60,28,46.67
588,1091,12,104,104,414,0,0,23,7,22.3
588,1091,12,104,104,414,0,0,23,28,45.34
588,1091,12,104,104,414,0,0,60,7,42.91
588,1091,12,104,104,414,0,0,60,28,54.4
588,1091,12,104,104,414,0,0,23,7,20.5
588,1091,12,104,104,414,0,0,23,28,37.54
588,1091,12,104,104,414,0,0,60,7,41.2
588,1091,12,104,104,414,0,0,60,28,43.42
588,1091,12,69,138,414,0,0,23,7,21.27
588,1091,12,69,138,414,0,0,23,28,33.8
588,1091,12,69,138,414,0,0,60,7,37.69
588,1091,12,69,138,414,0,0,60,28,40.09
588,1091,12,69,138,414,0,0,23,7,22.99
588,1091,12,69,138,414,0,0,23,28,39.02
588,1091,12,69,138,414,0,0,60,7,38.85
588,1091,12,69,138,414,0,0,60,28,48.18
588,1091,12,69,138,414,0,0,23,7,23.06
588,1091,12,69,138,414,0,0,23,28,46.69
588,1091,12,69,138,414,0,0,60,7,39.27
588,1091,12,69,138,414,0,0,60,28,49.5
793,793,14,61.6,,474,163,7.11,25,7,106
793,793,14,61.6,,474,163,7.11,25,7,105.5
793,793,14,61.6,,474,163,7.11,25,7,103.8
793,793,14,61.6,,474,163,7.11,25,7,93.8
793,793,14,61.6,,474,163,7.11,25,7,43.8
793,793,14,61.6,,474,163,7.11,25,7,106.1
793,793,14,61.6,,474,163,7.11,25,7,43.9
739,1110,14,41,103,408,0,6.12,25,7,60.7
739,1110,14,41,103,408,0,6.12,25,7,59.5
922.7,922.7,14,41,103,408,22.5,6.12,25,7,56.7
739,1110,14,41,103,408,0,6.12,25,7,15.2
739,1110,14,41,103,408,0,6.12,25,7,38.5
739,1110,14,41,103,408,0,6.12,25,7,60.6
739,1110,14,41,103,408,0,6.12,25,7,17.2
656.25,1218.75,14,51.02,127.55,446.43,22.32,8.9286,90,3,45.26
656.25,1218.75,14,51.02,127.55,446.43,22.32,8.9286,90,7,51.3
656.25,1218.75,14,51.02,127.55,446.43,22.32,8.9286,90,28,54
656.25,1218.75,14,51.02,127.55,446.43,22.32,8.9286,90,90,56.23
656.25,1218.75,14,51.02,127.55,446.43,22.32,8.9286,90,365,61.55
629.35,1218.75,14,51.02,127.55,446.43,22.32,8.9286,90,3,40.55
629.35,1218.75,14,51.02,127.55,446.43,22.32,8.9286,90,7,45
629.35,1218.75,14,51.02,127.55,446.43,22.32,8.9286,90,28,48.33
629.35,1218.75,14,51.02,127.55,446.43,22.32,8.9286,90,90,49.67
629.35,1218.75,14,51.02,127.55,446.43,22.32,8.9286,90,365,56
602.55,1218.75,14,51.02,127.55,446.43,22.32,8.9286,90,3,32.65
602.55,1218.75,14,51.02,127.55,446.43,22.32,8.9286,90,7,38.12
602.55,1218.75,14,51.02,127.55,446.43,22.32,8.9286,90,28,40
602.55,1218.75,14,51.02,127.55,446.43,22.32,8.9286,90,90,42.11
602.55,1218.75,14,51.02,127.55,446.43,22.32,8.9286,90,365,51.75
575.64,1218.75,14,51.02,127.55,446.43,22.32,8.9286,90,3,24
575.64,1218.75,14,51.02,127.55,446.43,22.32,8.9286,90,7,28.5
575.64,1218.75,14,51.02,127.55,446.43,22.32,8.9286,90,28,30
575.64,1218.75,14,51.02,127.55,446.43,22.32,8.9286,90,90,33
575.64,1218.75,14,51.02,127.55,446.43,22.32,8.9286,90,365,42
793,793,12,61.6,46.2,474,163,7.11,25,1,26
793,793,12,61.6,46.2,474,163,7.11,25,1,20
793,793,12,61.6,46.2,474,163,7.11,25,1,20
793,793,12,61.6,46.2,474,163,7.11,25,1,45
793,793,12,61.6,46.2,474,163,7.11,25,1,65
793,793,12,61.6,46.2,474,163,7.11,25,7,28
793,793,12,61.6,46.2,474,163,7.11,25,7,22
793,793,12,61.6,46.2,474,163,7.11,25,7,21
793,793,12,61.6,46.2,474,163,7.11,25,7,48
793,793,12,61.6,46.2,474,163,7.11,25,7,66
793,793,12,61.6,46.2,474,163,7.11,25,28,29
793,793,12,61.6,46.2,474,163,7.11,25,28,22
793,793,12,61.6,46.2,474,163,7.11,25,28,23
793,793,12,61.6,46.2,474,163,7.11,25,28,49
793,793,12,61.6,46.2,474,163,7.11,25,28,66
622,1155,14,76.36,133.64,425,0,0,80,7,54
622,1155,14,76.36,133.64,425,0,0,80,7,55
622,1155,14,76.36,133.64,425,0,0,80,7,55.5
622,1155,14,76.36,133.64,425,0,0,80,7,28
622,1155,14,76.36,133.64,425,0,0,80,28,56
622,1155,14,76.36,133.64,425,0,0,80,28,54.5
622,1155,14,76.36,133.64,425,0,0,80,28,54
622,1155,14,76.36,133.64,425,0,0,80,28,29
622,1155,14,76.36,133.64,450,0,0,80,7,32
622,1155,14,76.36,133.64,450,0,0,80,7,41
622,1155,14,76.36,133.64,450,0,0,80,7,38
622,1155,14,76.36,133.64,450,0,0,80,7,34
622,1155,14,76.36,133.64,450,0,0,80,28,36
622,1155,14,76.36,133.64,450,0,0,80,28,43
622,1155,14,76.36,133.64,450,0,0,80,28,39
622,1155,14,76.36,133.64,450,0,0,80,28,32
615.4,1109,10,49.7,395.6,1230.8,108.6,0,25,7,8
615.4,1109,10,49.7,395.6,1230.8,108.6,0,25,28,11
648.6,1109,10,40.7,324.3,1232.4,89,0,25,7,34.4
648.6,1109,10,40.7,324.3,1232.4,89,0,25,28,62.5
631.6,1109,10,45.3,360.9,1136.8,99,0,25,7,51.7
631.6,1109,10,45.3,360.9,1136.8,99,0,25,28,107.6
615.4,1109,10,49.7,395.6,984.6,108.6,0,25,7,50.8
615.4,1109,10,49.7,395.6,984.6,108.6,0,25,28,50.4
631.6,1109,12,52.1,360.9,1200,92.2,0,25,7,47.5
631.6,1109,12,52.1,360.9,1200,92.2,0,25,28,63.5
615.4,1109,12,57.1,395.6,1107.7,101.1,0,25,7,71.8
615.4,1109,12,57.1,395.6,1107.7,101.1,0,25,28,101.1
648.6,1109,12,46.8,324.3,1037.8,82.9,0,25,7,54.8
648.6,1109,12,46.8,324.3,1037.8,82.9,0,25,28,80
615.4,1109,14,63.9,395.6,1169.2,94.3,0,25,7,47.4
615.4,1109,14,63.9,395.6,1169.2,94.3,0,25,28,75.1
648.6,1109,14,52.4,324.3,1167.6,77.3,0,25,7,73.4
648.6,1109,14,52.4,324.3,1167.6,77.3,0,25,28,118.9
631.6,1109,14,58.3,360.9,1010.5,86,0,25,7,51.5
631.6,1109,14,58.3,360.9,1010.5,86,0,25,28,55.7
594.3,1094.9,14,19.8,157.7,465.8,43.5,0,25,7,28.3
594.3,1094.9,14,19.8,157.7,465.8,43.5,0,25,28,44.9
586.3,1080.2,14,21.1,130.3,467.9,31.1,0,25,7,31
586.3,1080.2,14,21.1,130.3,467.9,31.1,0,25,28,56.2
594,1094.4,14,25.5,157.7,441.6,37.7,0,25,7,34.4
594,1094.4,14,25.5,157.7,441.6,37.7,0,25,28,56.8
850,950,10,57,143,400,40,0,20,28,100
850,950,10,57,143,400,40,0,500,28,110
850,950,10,57,143,400,40,0,1200,28,70
640,1000,10,43.5,108.5,400,40,0,20,28,100
640,1000,10,43.5,108.5,400,40,0,500,28,50
640,1000,10,43.5,108.5,400,40,0,1200,28,5
700,1050,10,46,138,460,46,0,20,28,100
700,1050,10,46,138,460,46,0,500,28,90
700,1050,10,46,138,460,46,0,1200,28,40
501,1283,14,38,94,377,20,6,25,7,29.89
501,1283,14,38,94,377,20,6,25,28,34.17
582,1327,14,32,79,314,19,6,25,7,34.73
582,1327,14,32,79,314,19,6,25,28,40.27
556,1311,14,42,104,417,20,6,25,7,39.57
556,1311,14,42,104,417,20,6,25,28,46.37
584,1341,14,38,96,417,20,6,25,7,36.28
584,1341,14,38,96,417,20,6,25,28,41.51
556,1311,8,42,104,417,0,3,25,7,12.23
556,1311,8,42,104,417,0,3,25,28,18.32
556,1311,12,42,104,417,20,6,25,7,31.92
556,1311,12,42,104,417,20,6,25,28,36.52
556,1311,16,42,104,417,24,6,25,7,32.51
556,1311,16,42,104,417,24,6,25,28,40.89
556,1311,14,36,89,417,22,6,25,7,30.58
556,1311,14,36,89,417,22,6,25,28,34.71
556,1311,14,48,119,417,18,6,25,7,36.21
556,1311,14,48,119,417,18,6,25,28,40.28
556,1311,14,104,42,417,0,3,25,7,8.23
556,1311,14,104,42,417,0,3,25,28,12.17
556,1311,14,73,73,417,18,6,25,7,17.45
556,1311,14,73,73,417,18,6,25,28,23.1
556,1311,14,36.5,109.5,417,22,6,25,7,28.19
556,1311,14,36.5,109.5,417,22,6,25,28,32.49
555,1309,14,42,104,416.5,20,6,25,7,41.47
555,1309,14,42,104,416.5,20,6,25,28,51.82
554,1307,14,42,104,416,22,6,25,7,41.97
554,1307,14,42,104,416,22,6,25,28,52.73
553,1305,14,42,104,415,24,6,25,7,42.62
553,1305,14,42,104,415,24,6,25,28,53.52
554,1307,14,42,104,416,20,6,25,7,40.73
554,1307,14,42,104,416,20,6,25,28,52.07
553,1303,14,42,104,415,21,6,25,7,41.92
553,1303,14,42,104,415,21,6,25,28,53.78
551,1301,14,42,104,414,22,6,25,7,42.85
551,1301,14,42,104,414,22,6,25,28,54.62
550,1297,14,42,104,413,24,6,25,7,43.77
550,1297,14,42,104,413,24,6,25,28,55.17
550,1297,14,42,104,413,22,6,25,7,44.18
550,1297,14,42,104,413,22,6,25,28,54.83
550,1297,14,42,104,413,24,6,25,7,44.87
550,1297,14,42,104,413,24,6,25,28,53.69
550,1297,14,42,104,413,26,6,25,7,42.89
550,1297,14,42,104,413,26,6,25,28,51.38
553,1303,14,42,104,415,20,6,25,7,42.71
553,1303,14,42,104,415,20,6,25,28,49.87
547,1268,14,42,104,411,22,6,25,7,42.87
547,1268,14,42,104,411,22,6,25,28,53.06
441.1,819.3,12,57.4,308.2,250,0,0,25,28,28
441.1,819.3,12,57.4,308.2,250,0,0,25,60,38
441.1,819.3,12,57.4,308.2,244,0,0,25,28,55
441.1,819.3,12,57.4,308.2,244,0,0,25,60,66
441.1,819.3,12,57.4,308.2,237.5,0,0,25,28,43
441.1,819.3,12,57.4,308.2,237.5,0,0,25,60,50
441.1,819.3,12,57.4,308.2,231.3,0,0,25,28,32
441.1,819.3,12,57.4,308.2,231.3,0,0,25,60,42
441.1,819.3,12,57.4,308.2,250,0,0,25,28,43
441.1,819.3,12,57.4,308.2,250,0,0,25,60,53
441.1,819.3,12,57.4,308.2,250,0,0,25,28,51
441.1,819.3,12,57.4,308.2,250,0,0,25,60,61
441.1,819.3,12,57.4,308.2,244,0,0,25,28,57
441.1,819.3,12,57.4,308.2,244,0,0,25,60,67
441.1,819.3,12,57.4,308.2,244,0,0,25,28,46
441.1,819.3,12,57.4,308.2,244,0,0,25,60,57
441.1,819.3,12,57.4,308.2,237.5,0,0,25,28,57
441.1,819.3,12,57.4,308.2,237.5,0,0,25,60,63
441.1,819.3,12,57.4,308.2,237.5,0,0,25,28,49
441.1,819.3,12,57.4,308.2,237.5,0,0,25,60,58
441.1,819.3,12,57.4,308.2,231.3,0,0,25,28,49
441.1,819.3,12,57.4,308.2,231.3,0,0,25,60,57
441.1,819.3,12,57.4,308.2,231.3,0,0,25,28,48
441.1,819.3,12,57.4,308.2,231.3,0,0,25,60,51
575,1343,16,38,95,350,36.02,0,25,3,2.5
575,1343,16,38,95,350,36.02,0,25,7,7.5
575,1343,16,38,95,350,36.02,0,25,28,14
575,1343,16,38,95,350,36.02,0,90,3,5
575,1343,16,38,95,350,36.02,0,90,7,10
575,1343,16,38,95,350,36.02,0,90,28,20
575,1343,16,38,95,350,36.02,0,25,3,5
575,1343,16,38,95,350,36.02,0,25,7,10
575,1343,16,38,95,350,36.02,0,25,28,15
575,1343,16,38,95,350,36.02,0,90,3,7.5
575,1343,16,38,95,350,36.02,0,90,7,17.5
575,1343,16,38,95,350,36.02,0,90,28,27.5
575,1343,16,38,95,350,36.02,0,25,3,6
575,1343,16,38,95,350,36.02,0,25,7,12
575,1343,16,38,95,350,36.02,0,25,28,20
565,1343,16,44.4,111,350,31.58,0,90,3,8
565,1343,16,44.4,111,350,31.58,0,90,7,23
565,1343,16,44.4,111,350,31.58,0,90,28,31
565,1310,16,44.4,111,370,31.58,0,25,3,5
565,1310,16,44.4,111,370,31.58,0,25,7,10
565,1310,16,44.4,111,370,31.58,0,25,28,13
565,1310,16,44.4,111,370,31.58,0,90,3,7.5
565,1310,16,44.4,111,370,31.58,0,90,7,21
565,1310,16,44.4,111,370,31.58,0,90,28,25
565,1310,16,44.4,111,370,31.58,0,25,3,7
565,1310,16,44.4,111,370,31.58,0,25,7,17
565,1310,16,44.4,111,370,31.58,0,25,28,23
565,1310,16,44.4,111,370,31.58,0,90,3,15
565,1310,16,44.4,111,370,31.58,0,90,7,25
565,1310,16,44.4,111,370,31.58,0,90,28,27.5
565,1310,16,44.4,111,370,31.58,0,25,3,13
565,1310,16,44.4,111,370,31.58,0,25,7,23
565,1310,16,44.4,111,370,31.58,0,25,28,28
565,1310,16,44.4,111,370,31.58,0,90,3,16
565,1310,16,44.4,111,370,31.58,0,90,7,31
565,1310,16,44.4,111,370,31.58,0,90,28,37
540,1265,16,52.58,131.45,400,27.07,0,25,3,5
540,1265,16,52.58,131.45,400,27.07,0,25,7,10
540,1265,16,52.58,131.45,400,27.07,0,25,28,11
540,1265,16,52.58,131.45,400,27.07,0,90,3,18
540,1265,16,52.58,131.45,400,27.07,0,90,7,32
540,1265,16,52.58,131.45,400,27.07,0,90,28,40
540,1265,16,52.58,131.45,400,27.07,0,25,3,7
540,1265,16,52.58,131.45,400,27.07,0,25,7,18
540,1265,16,52.58,131.45,400,27.07,0,25,28,20
540,1265,16,52.58,131.45,400,27.07,0,90,3,20
540,1265,16,52.58,131.45,400,27.07,0,90,7,35
540,1265,16,52.58,131.45,400,27.07,0,90,28,50
540,1265,16,52.58,131.45,400,27.07,0,25,3,11
540,1265,16,52.58,131.45,400,27.07,0,25,7,21
540,1265,16,52.58,131.45,400,27.07,0,25,28,22
540,1265,16,52.58,131.45,400,27.07,0,90,3,33
540,1265,16,52.58,131.45,400,27.07,0,90,7,54
540,1265,16,52.58,131.45,400,27.07,0,90,28,73
,,,,,,,,,,
666.58,993.7,12,110.2,275.59,550,0,0,25,3,9
666.58,993.7,12,110.2,275.59,550,0,0,25,7,16
666.58,993.7,12,110.2,275.59,550,0,0,25,28,31
666.58,993.7,12,110.2,275.59,495,0,0,25,3,18
666.58,993.7,12,110.2,275.59,495,0,0,25,7,23
666.58,993.7,12,110.2,275.59,495,0,0,25,28,32
666.58,993.7,12,110.2,275.59,440,0,0,25,3,20
666.58,993.7,12,110.2,275.59,440,0,0,25,7,27
666.58,993.7,12,110.2,275.59,440,0,0,25,28,33
666.58,993.7,12,110.2,275.59,385,0,0,25,3,23
666.58,993.7,12,110.2,275.59,385,0,0,25,7,29
666.58,993.7,12,110.2,275.59,385,0,0,25,28,36
666.58,993.7,12,110.2,275.59,330,0,0,25,3,21
666.58,993.7,12,110.2,275.59,330,0,0,25,7,26
666.58,993.7,12,110.2,275.59,330,0,0,25,28,33
666.58,993.7,12,110.2,275.59,275,0,0,25,3,20
666.58,993.7,12,110.2,275.59,275,0,0,25,7,26
666.58,993.7,12,110.2,275.59,275,0,0,25,28,33
666.58,993.7,12,110.2,275.59,220,0,0,25,3,18
666.58,993.7,12,110.2,275.59,220,0,0,25,7,25
666.58,993.7,12,110.2,275.59,220,0,0,25,28,31
666.58,993.7,12,110.2,275.59,165,0,0,25,3,16
666.58,993.7,12,110.2,275.59,165,0,0,25,7,23
666.58,993.7,12,110.2,275.59,165,0,0,25,28,24
666.58,993.7,12,110.2,275.59,110,0,0,25,3,15
666.58,993.7,12,110.2,275.59,110,0,0,25,7,20
666.58,993.7,12,110.2,275.59,110,0,0,25,28,22
666.58,993.7,12,110.2,275.59,55,0,0,25,3,13
666.58,993.7,12,110.2,275.59,55,0,0,25,7,19
666.58,993.7,12,110.2,275.59,55,0,0,25,28,25
666.58,993.7,12,110.2,275.59,0,0,0,25,3,12
666.58,993.7,12,110.2,275.59,0,0,0,25,7,16
666.58,993.7,12,110.2,275.59,0,0,0,25,28,23
672,1008,8,84,168,468,0,9.36,25,28,25.27
672,1008,8,84,168,468,0,9.36,25,28,32.84
672,1008,8,84,168,468,0,9.36,25,28,46.47
672,1008,8,84,168,468,0,9.36,25,28,22.02
672,1008,8,84,168,468,0,9.36,25,28,24.82
672,1008,8,84,168,468,0,9.36,25,28,27.5
707,1060,14,64,96,525,174,0,25,7,25.1
707,1060,14,64,96,525,174,0,25,28,38.2
707,1060,14,64,96,510,174,0,25,7,24.1
707,1060,14,64,96,510,174,0,25,28,34.6
707,1060,14,64,96,495,174,0,25,7,23.4
707,1060,14,64,96,495,174,0,25,28,33.7
707,1060,14,64,96,487,174,0,25,7,23
707,1060,14,64,96,487,174,0,25,28,33.2
707,1060,14,64,96,475,174,0,25,7,22.6
707,1060,14,64,96,475,174,0,25,28,32
707,1060,14,64,96,475,174,0,25,180,42
707,1060,14,64,96,450,174,0,25,7,21.7
707,1060,14,64,96,450,174,0,25,28,30.7
707,1060,14,64,96,440,174,0,25,7,19.2
707,1060,14,64,96,440,174,0,25,28,29.8
707,1060,14,64,96,430,174,0,25,7,17.5
707,1060,14,64,96,430,174,0,25,28,28.2
707,1060,14,64,96,430,174,0,25,180,37
707,1060,14,64,96,400,174,0,25,7,13.7
707,1060,14,64,96,400,174,0,25,28,21.9
707,1060,14,64,96,400,174,0,25,180,28
720,1080,10,57,143,400,0,0,25,7,40
720,1080,12,57,143,400,0,0,25,7,50
720,1080,14,57,143,400,0,0,25,7,60
720,1080,16,57,143,400,0,0,25,7,45
720,1080,10,57,143,400,0,0,25,28,48
720,1080,12,57,143,400,0,0,25,28,62
720,1080,14,57,143,400,0,0,25,28,68
720,1080,16,57,143,400,0,0,25,28,60
672,1008,10,68.6,171.4,480,0,0,25,7,48
672,1008,12,68.6,171.4,480,0,0,25,7,50
672,1008,14,68.6,171.4,480,0,0,25,7,62
672,1008,16,68.6,171.4,480,0,0,25,7,46
672,1008,10,68.6,171.4,480,0,0,25,28,50
672,1008,12,68.6,171.4,480,0,0,25,28,70
672,1008,14,68.6,171.4,480,0,0,25,28,72
672,1008,16,68.6,171.4,480,0,0,25,28,65
624,936,10,80,200,560,0,0,25,7,48
624,936,12,80,200,560,0,0,25,7,52
624,936,14,80,200,560,0,0,25,7,62
624,936,16,80,200,560,0,0,25,7,50
624,936,10,80,200,560,0,0,25,28,55
624,936,12,80,200,560,0,0,25,28,72
624,936,14,80,200,560,0,0,25,28,85
624,936,16,80,200,560,0,0,25,28,70
576,864,10,91.4,228.6,640,0,0,25,7,36
576,864,12,91.4,228.6,640,0,0,25,7,46
576,864,14,91.4,228.6,640,0,0,25,7,56
576,864,16,91.4,228.6,640,0,0,25,7,40
576,864,10,91.4,228.6,640,0,0,25,28,45
576,864,12,91.4,228.6,640,0,0,25,28,65
576,864,14,91.4,228.6,640,0,0,25,28,66
576,864,16,91.4,228.6,640,0,0,25,28,64
566.28,1260.42,11.15,19.32,91.98,420,42,0,80,28,65.58
561.72,1250.28,11.15,19.64,112,420,36.36,0,80,28,75.9
557.16,1240.14,11.15,19.98,130.5,420,32.22,0,80,28,69.87
549.35,1222.75,11.15,16.82,119.93,460,31.15,0,80,28,62.23
544.36,1211.64,11.15,28.17,110.4,460,45.43,0,80,28,92.86
539.37,1200.53,11.15,20.94,133.4,460,45.76,0,80,28,56.8
532.43,1185.08,11.15,23.28,121.67,500,37.55,0,80,28,79.83
527,1173,11.15,18,142.86,500,39.14,0,80,28,58.51
521.58,1160.93,11.15,30.51,130.5,500,56.49,0,80,28,86.6
577.4,1072.4,8,53.2,286.3,274.8,66.5,0,25,28,43
563.7,1046.9,8,53.2,286.3,274.8,66.5,0,25,28,48
536.2,995.9,8,53.2,286.3,274.8,66.5,0,25,28,50
522.5,970.3,8,53.2,286.3,274.8,66.5,0,25,28,55
508.7,944.8,8,53.2,286.3,274.8,66.5,0,25,28,53
530.6,1044.4,10,67.1,117.4,410,79.2,0,75,7,4
530.6,1044.4,10,67.1,117.4,410,79.2,0,25,7,10
530.6,1044.4,10,67.1,117.4,410,79.2,0,75,28,10
530.6,1044.4,10,67.1,117.4,410,79.2,0,25,28,30
530.6,1044.4,10,67.1,117.4,410,79.2,0,75,56,14
530.6,1044.4,10,67.1,117.4,410,79.2,0,25,56,30
530.6,1044.4,10,67.1,117.4,410,79.2,0,75,90,20
530.6,1044.4,10,67.1,117.4,410,79.2,0,25,90,35
530.6,1044.4,10,67.1,117.4,410,79.2,0,75,180,30
530.6,1044.4,10,67.1,117.4,410,79.2,0,25,180,36
514,1119,10,400,600,450,0,0,25,3,0
514,1119,10,400,600,450,0,0,25,7,11
514,1119,10,400,600,450,0,0,25,28,24
514,1119,10,400,600,450,0,0,60,3,22
514,1119,10,400,600,450,0,0,60,3,17
514,1119,10,400,600,450,0,0,60,3,13
514,1119,10,400,600,450,0,0,60,7,24
514,1119,10,400,600,450,0,0,60,7,19
514,1119,10,400,600,450,0,0,60,7,16
514,1119,10,400,600,450,0,0,60,28,33
514,1119,10,400,600,450,0,0,60,28,26
514,1119,10,400,600,450,0,0,60,28,25.5
514,1119,10,400,600,450,0,0,90,3,41
514,1119,10,400,600,450,0,0,90,3,36
514,1119,10,400,600,450,0,0,90,3,26
514,1119,10,400,600,450,0,0,90,7,44
514,1119,10,400,600,450,0,0,90,7,42
514,1119,10,400,600,450,0,0,90,7,29
514,1119,10,400,600,450,0,0,90,28,51
514,1119,10,400,600,450,0,0,90,28,49
514,1119,10,400,600,450,0,0,90,28,36
514,1119,10,400,600,450,0,0,120,3,28
514,1119,10,400,600,450,0,0,120,3,36
514,1119,10,400,600,450,0,0,120,3,42
514,1119,10,400,600,450,0,0,120,7,32
514,1119,10,400,600,450,0,0,120,7,38
514,1119,10,400,600,450,0,0,120,7,46
514,1119,10,400,600,450,0,0,120,28,37
514,1119,10,400,600,450,0,0,120,28,47
514,1119,10,400,600,450,0,0,120,28,53
672,1008,12,82,206,432,0,0,25,3,10
672,1008,12,82,206,432,0,0,25,7,20
672,1008,12,82,206,432,0,0,25,28,61
672,1008,12,82,206,410.4,0,0,25,3,20
672,1008,12,82,206,410.4,0,0,25,7,32
672,1008,12,82,206,410.4,0,0,25,28,40
672,1008,12,82,206,388.8,0,0,25,3,15
672,1008,12,82,206,388.8,0,0,25,7,28
672,1008,12,82,206,388.8,0,0,25,28,39
672,1008,12,82,206,367.2,0,0,25,3,10
672,1008,12,82,206,367.2,0,0,25,7,13
672,1008,12,82,206,367.2,0,0,25,28,34
716.1,1670,11.1,26.64,135.81,475.33,52.58,0,25,28,29.73
716.1,1670,8.325,19.98,178.25,475.33,39.44,0,25,28,25.48
716.1,1670,9.51,22.83,135.81,509.29,45.07,0,25,28,38.84
716.1,1670,10.32,24.64,158.05,491.72,38.58,0,25,28,44.52
716.1,1670,9.36,22.47,172.94,482.41,35.18,0,25,28,38.03
716.1,1670,12.44,29.86,135.81,509.29,38.04,0,25,28,50.74
600,1200,12,51.5,128.5,400,0,0,60,28,38.2
600,1200,12,51.5,128.5,400,0,0,60,56,43.8
600,1200,12,51.5,128.5,400,0,0,60,90,51
383,1385,10,163,82,350,0,0,22,7,38
383,1385,10,124,124,354,0,0,22,7,35
383,1385,10,100,150,357,0,0,22,7,33
354,1049,10,163,82,350,0,0,22,7,8
354,1049,10,124,124,354,0,0,22,7,16
354,1049,10,100,150,357,0,0,22,7,18
215,536,10,163,82,350,0,0,22,7,4
215,536,10,124,124,354,0,0,22,7,7
215,536,10,100,150,357,0,0,22,7,7
533,1243,8,56,138,430,0,0,60,3,22
533,1243,8,56,138,430,0,0,60,7,27
533,1243,8,56,138,430,0,0,60,28,32
547,1277,8,51,128,397,0,0,60,3,23
547,1277,8,51,128,397,0,0,60,7,29
547,1277,8,51,128,397,0,0,60,28,33
547,1277,8,51,128,397,0,0,70,3,24
547,1277,8,51,128,397,0,0,70,7,28
547,1277,8,51,128,397,0,0,70,28,32
547,1277,8,51,128,397,0,0,80,3,27
547,1277,8,51,128,397,0,0,80,7,34
547,1277,8,51,128,397,0,0,80,28,35
547,1277,8,51,128,397,0,0,90,3,26
547,1277,8,51,128,397,0,0,90,7,32
547,1277,8,51,128,397,0,0,90,28,36
547,1277,8,51,128,397,0,0,100,3,24
547,1277,8,51,128,397,0,0,100,7,31
547,1277,8,51,128,397,0,0,100,28,34
562,1311,8,46,117,364,0,0,60,3,23
562,1311,8,46,117,364,0,0,60,7,29
562,1311,8,46,117,364,0,0,60,28,33
576,1344,8,42,106,331,0,0,60,3,22
576,1344,8,42,106,331,0,0,60,7,27
576,1344,8,42,106,331,0,0,60,28,32
590,1377,8,38,96,298,0,0,60,3,21
590,1377,8,38,96,298,0,0,60,7,26
590,1377,8,38,96,298,0,0,60,28,29
533,1243,10,55,138,430,0,0,60,3,26
533,1243,10,55,138,430,0,0,60,7,31
533,1243,10,55,138,430,0,0,60,28,34
547,1277,10,51,128,397,0,0,60,3,27
547,1277,10,51,128,397,0,0,60,7,33
547,1277,10,51,128,397,0,0,60,28,37
547,1277,10,51,128,397,0,0,70,3,27
547,1277,10,51,128,397,0,0,70,7,33
547,1277,10,51,128,397,0,0,70,28,36
547,1277,10,51,128,397,0,0,80,3,27
547,1277,10,51,128,397,0,0,80,7,34
547,1277,10,51,128,397,0,0,80,28,37
547,1277,10,51,128,397,0,0,90,3,28
547,1277,10,51,128,397,0,0,90,7,32
547,1277,10,51,128,397,0,0,90,28,34
547,1277,10,51,128,397,0,0,100,3,27
547,1277,10,51,128,397,0,0,100,7,32
547,1277,10,51,128,397,0,0,100,28,38
562,1311,10,50,117,364,0,0,60,3,26
562,1311,10,50,117,364,0,0,60,7,31
562,1311,10,50,117,364,0,0,60,28,38
576,1344,10,42,106,331,0,0,60,3,27
576,1344,10,42,106,331,0,0,60,7,29
576,1344,10,42,106,331,0,0,60,28,34
590,1377,10,38,96,298,0,0,60,3,21
590,1377,10,38,96,298,0,0,60,7,24
590,1377,10,38,96,298,0,0,60,28,34
533,1243,12,55,138,430,0,0,60,3,25
533,1243,12,55,138,430,0,0,60,7,31
533,1243,12,55,138,430,0,0,60,28,36
547,1277,12,50,128,397,0,0,60,3,26
547,1277,12,50,128,397,0,0,60,7,32
547,1277,12,50,128,397,0,0,60,28,37
547,1277,12,50,128,397,0,0,70,3,27
547,1277,12,50,128,397,0,0,70,7,33
547,1277,12,50,128,397,0,0,70,28,38
547,1277,12,50,128,397,0,0,80,3,28
547,1277,12,50,128,397,0,0,80,7,36
547,1277,12,50,128,397,0,0,80,28,38
547,1277,12,50,128,397,0,0,90,3,30
547,1277,12,50,128,397,0,0,90,7,35
547,1277,12,50,128,397,0,0,90,28,39
547,1277,12,50,128,397,0,0,100,3,29
547,1277,12,50,128,397,0,0,100,7,33
547,1277,12,50,128,397,0,0,100,28,39
562,1277,12,47,117,364,0,0,60,3,27
562,1311,12,47,117,364,0,0,60,7,33
562,1311,12,47,117,364,0,0,60,28,37
576,1311,12,42,106,331,0,0,60,3,24
576,1344,12,42,106,331,0,0,60,7,33
576,1344,12,42,106,331,0,0,60,28,37
590,1344,12,158,96,298,0,0,60,3,23
590,1377,12,158,96,298,0,0,60,7,29
590,1377,12,158,96,298,0,0,60,28,34
533,1243,14,55,138,430,0,0,60,3,22
533,1243,14,55,138,430,0,0,60,7,33
533,1243,14,55,138,430,0,0,60,28,38
547,1277,14,51,128,397,0,0,60,3,27
547,1277,14,51,128,397,0,0,60,7,34
547,1277,14,51,128,397,0,0,60,28,38
547,1277,14,51,128,397,0,0,70,3,22
547,1277,14,51,128,397,0,0,70,7,33
547,1277,14,51,128,397,0,0,70,28,36
547,1277,14,51,128,397,0,0,80,3,28
547,1277,14,51,128,397,0,0,80,7,34
547,1277,14,51,128,397,0,0,80,28,39
547,1277,14,51,128,397,0,0,90,3,29
547,1277,14,51,128,397,0,0,90,7,34
547,1277,14,51,128,397,0,0,90,28,37
547,1277,14,51,128,397,0,0,100,3,29
547,1277,14,51,128,397,0,0,100,7,33
547,1277,14,51,128,397,0,0,100,28,38
562,1311,14,47,117,364,0,0,60,3,27
562,1311,14,47,117,364,0,0,60,7,36
562,1311,14,47,117,364,0,0,60,28,39
576,1344,14,42,106,331,0,0,60,3,27
576,1344,14,42,106,331,0,0,60,7,33
576,1344,14,42,106,331,0,0,60,28,37
590,1377,14,45,96,298,0,0,60,3,27
590,1377,14,45,96,298,0,0,60,7,33
590,1377,14,45,96,298,0,0,60,28,39
600,1200,10,80,120,450,0,9,22,7,12
600,1200,10,80,120,450,0,9,22,14,15
600,1200,10,80,120,450,0,9,22,28,18
600,1200,12,80,120,450,0,9,22,7,16.5
600,1200,12,80,120,450,0,9,22,14,24
600,1200,12,80,120,450,0,9,22,28,27.5
600,1200,14,80,120,450,0,9,22,7,17
600,1200,14,80,120,450,0,9,22,14,26.5
600,1200,14,80,120,450,0,9,22,28,28.5
521.8,1142.7,10,110,120,410,2.3,8.2,22,7,8
521.8,1142.7,10,110,120,410,2.3,8.2,22,14,13
521.8,1142.7,10,110,120,410,2.3,8.2,22,28,11
521.8,1142.7,12,110,120,410,2.3,8.2,22,7,16
521.8,1142.7,12,110,120,410,2.3,8.2,22,14,20
521.8,1142.7,12,110,120,410,2.3,8.2,22,28,25
521.8,1142.7,14,110,120,410,2.3,8.2,22,7,15
521.8,1142.7,14,110,120,410,2.3,8.2,22,14,18
521.8,1142.7,14,110,120,410,2.3,8.2,22,28,22.5
643,1194,14,81,122,406,0,0,90,28,35.5
643,1194,14,97,146,406,0,0,90,28,39.5
643,1194,14,114,171,406,0,0,90,28,40.4
643,1194,14,58,45,406,0,0,90,28,39.2
643,1194,14,70,174,406,0,0,90,28,39.8
643,1194,14,81,203,406,0,0,90,28,42.3
643,1194,14,45,158,406,0,0,90,28,47.8
643,1194,14,54,189,406,0,0,90,28,48.4
643,1194,14,63,221,406,0,0,90,28,49.7
539,1201,8,57.1,142.9,460,0,0,20,90,35.2
539,1201,8,57.1,142.9,460,0,0,100,90,52
539,1201,8,57.1,142.9,460,0,0,200,90,58
539,1201,8,57.1,142.9,460,0,0,400,90,54.8
539,1201,8,57.1,142.9,460,0,0,600,90,46
539,1201,8,57.1,142.9,460,0,0,800,90,17.4
539,1201,8,57.1,142.9,460,0,0,1000,90,15.3
539,1201,8,57.1,142.9,460,0,0,20,90,39.4
539,1201,8,57.1,142.9,460,0,0,100,90,63.5
539,1201,8,57.1,142.9,460,0,0,200,90,71.6
539,1201,8,57.1,142.9,460,0,0,400,90,63.9
539,1201,8,57.1,142.9,460,0,0,600,90,50
539,1201,8,57.1,142.9,460,0,0,800,90,22.2
539,1201,8,57.1,142.9,460,0,0,1000,90,19.5
539,1201,14,50,150,460,0,0,20,90,43.2
539,1201,14,50,150,460,0,0,100,90,63.9
539,1201,14,50,150,460,0,0,200,90,69.9
539,1201,14,50,150,460,0,0,400,90,57.9
539,1201,14,50,150,460,0,0,600,90,49.2
539,1201,14,50,150,460,0,0,800,90,21.7
539,1201,14,50,150,460,0,0,1000,90,15.3
539,1201,14,50,150,460,0,0,20,90,72.8
539,1201,14,50,150,460,0,0,100,90,87.6
539,1201,14,50,150,460,0,0,200,90,89.7
539,1201,14,50,150,460,0,0,400,90,80.9
539,1201,14,50,150,460,0,0,600,90,72.3
539,1201,14,50,150,460,0,0,800,90,23.1
539,1201,14,50,150,460,0,0,1000,90,15
639.4,959.4,8,121.8,304.5,639.4,0,25.6,25,3,12.67
639.4,959.4,8,121.8,304.5,639.4,0,25.6,25,7,18.6
639.4,959.4,8,121.8,304.5,639.4,0,25.6,25,28,31.2
639.4,959.4,8,121.8,304.5,639.4,0,25.6,60,3,36.8
639.4,959.4,8,121.8,304.5,639.4,0,25.6,60,7,19.9
639.4,959.4,8,121.8,304.5,639.4,0,25.6,60,28,37.4
639.4,959.4,8,121.8,304.5,639.4,0,25.6,70,3,30
639.4,959.4,8,121.8,304.5,639.4,0,25.6,70,7,31.6
639.4,959.4,8,121.8,304.5,639.4,0,25.6,70,28,36
639.4,959.4,8,121.8,304.5,639.4,0,25.6,80,3,35
639.4,959.4,8,121.8,304.5,639.4,0,25.6,80,7,32.4
639.4,959.4,8,121.8,304.5,639.4,0,25.6,80,28,51.2
639.4,959.4,8,121.8,304.5,639.4,0,25.6,100,3,20.7
639.4,959.4,8,121.8,304.5,639.4,0,25.6,100,7,19.2
639.4,959.4,8,121.8,304.5,639.4,0,25.6,100,28,35
600,1200,8,60,60,400,0,0,25,28,21.5
600,1200,8,60,60,400,0,0,400,28,38
600,1200,8,60,60,400,0,0,600,28,20
600,1200,8,60,60,400,0,0,800,28,16
600,1200,8,60,60,400,0,0,1000,28,11
544,1212,8,61.3,122.7,460,,0,,7,37.6
544,1212,8,61.3,122.7,460,,0,25,28,39.5
544,1212,8,61.3,122.7,460,,0,25,480,45.8
544,1212,10,52.6,131.4,460,,0,25,7,52.2
544,1212,10,52.6,131.4,460,,0,25,28,54.3
544,1212,10,52.6,131.4,460,,0,25,480,65.5
544,1212,12,44.9,139.1,460,,0,25,7,57.1
544,1212,12,44.9,139.1,460,,0,25,28,60.4
544,1212,12,44.9,139.1,460,,0,25,480,72.1
544,1212,14,36.8,147.2,460,,0,25,7,52.3
544,1212,14,36.8,147.2,460,,0,25,28,56.5
544,1212,14,36.8,147.2,460,,0,25,480,73.7
539,1201,8,57.2,142.9,460,,0,25,7,38.1
539,1201,8,57.2,142.9,460,,0,25,28,40.7
539,1201,8,57.2,142.9,460,,0,25,480,50.7
539,1201,10,66.7,133.4,460,,0,25,7,61.5
539,1201,10,66.7,133.4,460,,0,25,28,61.9
539,1201,10,66.7,133.4,460,,0,25,480,71
539,1201,12,40,160.1,460,,0,25,7,47.3
539,1201,12,40,160.1,460,,0,25,28,49.9
539,1201,12,40,160.1,460,,0,25,480,62.8
539,1201,14,48.8,151.3,460,,0,25,7,71.1
539,1201,14,48.8,151.3,460,,0,25,28,72.3
539,1201,14,48.8,151.3,460,,0,25,480,80.7
533,1186,8,53.9,166.9,460,,0,25,7,34.8
533,1186,8,53.9,166.9,460,,0,25,28,36.8
533,1186,8,53.9,166.9,460,,0,25,480,47.8
533,1186,10,44.2,176.6,460,,0,25,7,34.3
533,1186,10,44.2,176.6,460,,0,25,28,41.4
533,1186,10,44.2,176.6,460,,0,25,480,52.6
533,1186,12,73.6,147.2,460,,0,25,7,65.9
533,1186,12,73.6,147.2,460,,0,25,28,70.4
533,1186,12,73.6,147.2,460,,0,25,480,83.3
533,1186,14,63.1,157.7,460,,0,25,7,72.6
533,1186,14,63.1,157.7,460,,0,25,28,73.2
533,1186,14,63.1,157.7,460,,0,25,480,88.7
527,1174,8,47.8,191.4,460,,0,25,7,24.1
527,1174,8,47.8,191.4,460,,0,25,28,25.7
527,1174,8,47.8,191.4,460,,0,25,480,34.3
527,1174,10,58.3,180.9,460,,0,25,7,36.6
527,1174,10,58.3,180.9,460,,0,25,28,39.6
527,1174,10,58.3,180.9,460,,0,25,480,51.5
527,1174,12,68.3,170.9,460,,0,25,7,58.4
527,1174,12,68.3,170.9,460,,0,25,28,61.9
527,1174,12,68.3,170.9,460,,0,25,480,75.5
527,1174,14,79.7,159.5,460,,0,25,7,64.6
527,1174,14,79.7,159.5,460,,0,25,28,66.6
527,1174,14,79.7,159.5,460,,0,25,480,84.5
